{
  "timestamp": "2025-09-01 10:43:43 JST",
  "config": {
    "min_ratio": 15.0,
    "max_p95_us": 100.0,
    "warmup": 100,
    "n": 1000
  },
  "benchmarks": {
    "pattern_expansion": {
      "fast": {
        "ops": 19303.901282423096,
        "p50_us": 50.50000618211925,
        "p95_us": 57.79998900834471,
        "p99_us": 58.79999662283808,
        "min_us": 48.59999171458185,
        "max_us": 65.70000550709665,
        "mean_us": 51.640999590745196,
        "std_us": 2.8375934205399655
      },
      "slow": {
        "ops": 916.3660222385469,
        "p50_us": 1063.4999925969169,
        "p95_us": 1237.6999948173761,
        "p99_us": 1461.6999978898093,
        "min_us": 1006.4000089187175,
        "max_us": 1943.4999994700775,
        "mean_us": 1090.9499999252148,
        "std_us": 108.66913292743506
      },
      "ratio": 21.06571044097261
    },
    "config_compilation": {
      "fast": {
        "ops": 377928.9814560408,
        "p50_us": 2.5000044843181968,
        "p95_us": 2.700006007216871,
        "p99_us": 2.7999922167509794,
        "min_us": 2.3999891709536314,
        "max_us": 2.800006768666208,
        "mean_us": 2.555999089963734,
        "std_us": 0.08843280501941098
      },
      "slow": {
        "ops": 1342.9163844576356,
        "p50_us": 736.4000048255548,
        "p95_us": 819.5999980671331,
        "p99_us": 857.8999986639246,
        "min_us": 681.5999950049445,
        "max_us": 860.4000031482428,
        "mean_us": 744.5199997164309,
        "std_us": 44.79952566904193
      },
      "ratio": 281.42406022447574
    },
    "kernel_cache": {
      "fast": {
        "ops": 431406.39043159457,
        "p50_us": 2.2000021999701858,
        "p95_us": 2.3000029614195228,
        "p99_us": 2.600005245767534,
        "min_us": 1.9999861251562834,
        "max_us": 11.399999493733048,
        "mean_us": 2.2304998856270686,
        "std_us": 0.6609873195424674
      },
      "slow": {
        "ops": 12409.411293704676,
        "p50_us": 77.59999425616115,
        "p95_us": 100.39999324362725,
        "p99_us": 144.79999663308263,
        "min_us": 73.49999214056879,
        "max_us": 192.599996807985,
        "mean_us": 80.47499984968454,
        "std_us": 13.408947541790031
      },
      "ratio": 34.76445257725063
    }
  },
  "overall": {
    "min_ratio": 21.06571044097261,
    "max_p95_us": 57.79998900834471,
    "ratio_ok": true,
    "fast_p95_ok": true,
    "p50_ratio_ok": true,
    "p95_ratio_ok": true
  },
  "two_tier_gating": {
    "min_ratio_p50": 15.0,
    "min_ratio_p95": 12.0,
    "max_compiled_p95_ms": 35.0,
    "p50_ratio_ok": true,
    "p95_ratio_ok": true
  },
  "passed": true
}